email,password,first_name,last_name,phone_number
chandler.bing@example.com,password,Chandler,Bing,12345678900
ross.geller@example.com,password,Ross,Geller,12345678900
monica.geller@example.com,password,Monica,Geller,12345678900
joey.tribbiani@example.com,password,Joey,Tribbiani,12345678900
phoebe.buffay@example.com,password,Phoebe,Buffay,12345678900
rachel.green@example.com,password,Rachel,Green,12345678900
tony.montana@example.com,password,Tony,montana,12345678900
luke.skywalker@example.com,password,Luke,Skywalker,12345678900
